{"cameraMode":{"drawMode":0,"name":"Shaded","section":"Shading Mode"},"sceneLighting":false,"audioPlay":false,"sceneViewState":{"showFog":true,"showMaterialUpdate":false,"showSkybox":false,"showFlares":true,"showImageEffects":true,"showParticleSystems":true},"in2DMode":false,"pivot":{"x":1.887505054473877,"y":3.305980920791626,"z":-2.891791343688965},"rotation":{"x":0.3732564151287079,"y":-0.1323583722114563,"z":-0.053903549909591678,"w":-0.9166651964187622},"size":1.4289418458938599,"orthographic":false}